GlobalRank,TldRank,Domain,TLD,RefSubNets,RefIPs,IDN_Domain,IDN_TLD,PrevGlobalRank,PrevTldRank,PrevRefSubNets,PrevRefIPs
1,1,google.com,com,495207,2383906,google.com,com,1,1,494916,2382289
2,2,facebook.com,com,494487,2539178,facebook.com,com,2,2,494027,2537896
3,3,youtube.com,com,445088,2052960,youtube.com,com,3,3,444756,2051495
4,4,twitter.com,com,438427,2030340,twitter.com,com,4,4,437984,2028761
5,5,instagram.com,com,382054,1746401,instagram.com,com,5,5,381664,1744895
6,6,linkedin.com,com,356325,1449248,linkedin.com,com,6,6,355892,1447889
7,7,apple.com,com,281775,890047,apple.com,com,7,7,281479,887967
8,8,microsoft.com,com,276222,804429,microsoft.com,com,8,8,276004,802765
9,9,googletagmanager.com,com,269530,931530,googletagmanager.com,com,9,9,269252,930166
10,1,wikipedia.org,org,267107,931566,wikipedia.org,org,10,1,266961,930307
11,2,wordpress.org,org,257134,1044373,wordpress.org,org,11,2,256977,1044220
12,1,youtu.be,be,235370,768660,youtu.be,be,12,1,235174,766832
13,3,en.wikipedia.org,org,223294,695594,en.wikipedia.org,org,13,3,223125,694562
14,10,pinterest.com,com,220724,849237,pinterest.com,com,14,10,220557,848334
15,11,play.google.com,com,215309,600163,play.google.com,com,15,11,215000,598514
16,12,github.com,com,213345,528921,github.com,com,16,12,213240,528560
17,13,vimeo.com,com,203666,687304,vimeo.com,com,17,13,203395,685864
18,14,maps.google.com,com,201080,692281,maps.google.com,com,18,14,200909,691604
19,1,goo.gl,gl,200946,650123,goo.gl,gl,19,1,200715,648921
20,15,plus.google.com,com,188864,648780,plus.google.com,com,20,15,188641,648250
21,1,bit.ly,ly,185060,544012,bit.ly,ly,21,1,184758,542430
22,16,docs.google.com,com,182471,526229,docs.google.com,com,22,16,182433,525044
23,17,adobe.com,com,177997,480805,adobe.com,com,23,17,177719,479532
24,18,wordpress.com,com,176597,545337,wordpress.com,com,24,18,176359,544128
25,19,amazon.com,com,171448,498713,amazon.com,com,25,19,171192,497694
26,20,blogspot.com,com,169872,514359,blogspot.com,com,26,20,169604,513317
27,21,apps.apple.com,com,161254,386024,apps.apple.com,com,28,21,161069,384402
28,4,mozilla.org,org,160536,442822,mozilla.org,org,27,4,161618,444993
29,22,itunes.apple.com,com,157924,385978,itunes.apple.com,com,29,22,157789,384451
30,23,whatsapp.com,com,152832,529178,whatsapp.com,com,30,23,152810,528707
31,24,drive.google.com,com,152674,413441,drive.google.com,com,31,24,152535,412568
32,25,macromedia.com,com,148637,403043,macromedia.com,com,32,25,148424,402509
33,26,support.google.com,com,145313,452254,support.google.com,com,33,26,145047,450860
34,27,yahoo.com,com,140720,358714,yahoo.com,com,34,27,140616,358335
35,1,europa.eu,eu,138584,440908,europa.eu,eu,35,1,138253,438885
36,28,api.whatsapp.com,com,136373,463766,api.whatsapp.com,com,36,28,136354,463458
37,29,tumblr.com,com,135459,420821,tumblr.com,com,37,29,135353,420257
38,30,510623.com,com,133423,360302,510623.com,com,38,30,133264,359919
39,31,download.macromedia.com,com,129618,342544,download.macromedia.com,com,39,31,129427,342130
40,32,qq.com,com,125431,770494,qq.com,com,40,32,125354,770212
41,33,reddit.com,com,124936,370194,reddit.com,com,41,33,124793,369720
42,34,policies.google.com,com,124279,402530,policies.google.com,com,42,34,124093,401702
43,1,nih.gov,gov,121964,317049,nih.gov,gov,43,1,121865,316259
44,35,flickr.com,com,121817,330136,flickr.com,com,44,35,121576,329215
45,36,gravatar.com,com,120295,400027,gravatar.com,com,45,36,120255,401021
46,37,amazonaws.com,com,118159,264714,amazonaws.com,com,46,37,117922,263895
47,1,github.io,io,117205,252394,github.io,io,47,1,116967,251610
48,38,nytimes.com,com,116777,307889,nytimes.com,com,48,38,116629,306782
49,5,apache.org,org,116571,220100,apache.org,org,49,5,116453,219823
50,1,miit.gov.cn,cn,114907,932309,miit.gov.cn,cn,50,1,114787,932029
51,39,sites.google.com,com,114601,275292,sites.google.com,com,51,39,114500,274433
52,40,cloudflare.com,com,112488,306071,cloudflare.com,com,52,40,112811,306982
53,1,forms.gle,gle,110926,271895,forms.gle,gle,53,1,110827,271095
54,1,t.me,me,110429,351728,t.me,me,54,1,110306,351445
55,2,beian.miit.gov.cn,cn,110188,859510,beian.miit.gov.cn,cn,55,2,110054,859171
56,2,wa.me,me,110122,356440,wa.me,me,56,2,110016,356138
57,41,medium.com,com,109592,268972,medium.com,com,57,41,109425,268213
58,6,w3.org,org,109344,232952,w3.org,org,58,6,109233,232423
59,42,soundcloud.com,com,109270,306993,soundcloud.com,com,59,42,109133,306266
60,43,spotify.com,com,109270,301535,spotify.com,com,60,43,108972,300379
61,44,tiktok.com,com,108423,299730,tiktok.com,com,61,44,108352,298542
62,2,ec.europa.eu,eu,108231,332719,ec.europa.eu,eu,63,2,107951,331342
63,1,t.co,co,108117,306170,t.co,co,62,1,107974,305304
64,45,forbes.com,com,107770,270816,forbes.com,com,64,45,107698,270060
65,46,baidu.com,com,107617,568623,baidu.com,com,65,46,107474,568619
66,7,archive.org,org,104935,264206,archive.org,org,66,7,104775,263406
67,1,zoom.us,us,103169,238733,zoom.us,us,67,1,103024,237991
68,2,www.ncbi.nlm.nih.gov,gov,102686,254844,www.ncbi.nlm.nih.gov,gov,68,2,102591,254055
69,8,creativecommons.org,org,101997,230331,creativecommons.org,org,69,8,101882,229727
70,47,go.microsoft.com,com,101522,204333,go.microsoft.com,com,70,47,101421,204285
71,48,theguardian.com,com,101261,258810,theguardian.com,com,71,48,101063,257816
72,49,open.spotify.com,com,99908,270768,open.spotify.com,com,72,49,99634,269641
73,50,office.com,com,99889,234481,office.com,com,73,50,99633,233305
74,1,sourceforge.net,net,97441,193263,sourceforge.net,net,74,1,97352,192961
75,51,cnn.com,com,97047,240320,cnn.com,com,75,51,96961,239331
76,52,dropbox.com,com,93917,216988,dropbox.com,com,76,52,93790,216363
77,1,who.int,int,92381,211803,who.int,int,77,1,92202,210799
78,53,wixsite.com,com,92133,224816,wixsite.com,com,78,53,91987,223922
79,54,paypal.com,com,91759,249584,paypal.com,com,79,54,91488,248910
80,9,nginx.org,org,91410,180817,nginx.org,org,80,9,91352,180679
81,1,bbc.co.uk,uk,90820,226036,bbc.co.uk,uk,81,1,90640,225123
82,55,sciencedirect.com,com,89269,209891,sciencedirect.com,com,83,56,89189,209141
83,56,accounts.google.com,com,88996,196319,accounts.google.com,com,94,64,83964,182464
84,57,live.com,com,88501,208075,live.com,com,86,59,87687,205909
85,58,nginx.com,com,88280,174098,nginx.com,com,84,57,88191,173897
86,59,issuu.com,com,88068,205338,issuu.com,com,85,58,87929,204197
87,10,web.archive.org,org,87816,210175,web.archive.org,org,87,10,87639,209421
88,11,httpd.apache.org,org,87333,155007,httpd.apache.org,org,88,11,87276,154906
89,60,bbc.com,com,86960,212225,bbc.com,com,89,60,86772,211164
90,61,vk.com,com,86613,283200,vk.com,com,82,55,90461,294903
91,3,cdc.gov,gov,86607,212703,cdc.gov,gov,90,3,86571,212084
92,62,weebly.com,com,86374,202208,weebly.com,com,91,61,86164,201388
93,63,opera.com,com,85489,213661,opera.com,com,92,62,85435,213168
94,64,tinyurl.com,com,85426,197736,tinyurl.com,com,93,63,85227,197154
95,65,reuters.com,com,83483,196675,reuters.com,com,95,65,83349,195850
96,12,doi.org,org,82889,184433,doi.org,org,96,12,82751,183837
97,66,youtube-nocookie.com,com,82629,200779,youtube-nocookie.com,com,97,66,82404,200015
98,67,washingtonpost.com,com,82106,199719,washingtonpost.com,com,98,67,82020,198824
99,68,imdb.com,com,81345,210269,imdb.com,com,99,68,81258,209687
100,1,harvard.edu,edu,80826,185410,harvard.edu,edu,100,1,80711,184663
101,2,mit.edu,edu,80699,169715,mit.edu,edu,101,2,80488,168901
102,69,weibo.com,com,80487,256892,weibo.com,com,102,69,80377,256623
103,70,oracle.com,com,80323,147391,oracle.com,com,103,70,80137,146837
104,71,bing.com,com,80175,181283,bing.com,com,104,71,80044,180916
105,2,php.net,net,79695,152137,php.net,net,105,2,79620,151938
106,72,bloomberg.com,com,79620,183223,bloomberg.com,com,106,72,79559,182513
107,13,wikimedia.org,org,79391,185471,wikimedia.org,org,107,13,79223,184945
108,73,wsj.com,com,78104,182303,wsj.com,com,108,73,77999,181458
109,74,wiley.com,com,77784,173200,wiley.com,com,109,74,77621,172424
110,14,un.org,org,77065,166917,un.org,org,110,14,76907,166043
111,75,nature.com,com,77033,171447,nature.com,com,111,75,76868,170680
112,15,gnu.org,org,76336,144539,gnu.org,org,112,15,76237,144265
113,3,researchgate.net,net,75555,169226,researchgate.net,net,114,3,75427,168648
114,76,wpa.qq.com,com,75423,423433,wpa.qq.com,com,113,76,75428,423447
115,77,businessinsider.com,com,74693,174696,businessinsider.com,com,115,77,74534,173819
116,78,msn.com,com,74485,165354,msn.com,com,116,78,74384,164716
117,3,stanford.edu,edu,73583,157086,stanford.edu,edu,117,3,73439,156531
118,79,get.adobe.com,com,72371,146997,get.adobe.com,com,120,81,71880,145499
119,80,springer.com,com,72279,156867,springer.com,com,119,80,72198,156424
120,81,ibm.com,com,72261,141011,ibm.com,com,118,79,72226,140638
121,82,wp.com,com,71754,216969,wp.com,com,121,82,71730,216928
122,83,list-manage.com,com,71614,166292,list-manage.com,com,122,83,71426,165637
123,84,outlook.com,com,70368,147659,outlook.com,com,123,84,70231,146838
124,4,nasa.gov,gov,68759,147250,nasa.gov,gov,124,4,68643,146609
125,85,mp.weixin.qq.com,com,68615,238171,mp.weixin.qq.com,com,126,86,68538,238053
126,86,shopify.com,com,68614,150652,shopify.com,com,125,85,68584,150406
127,87,cnbc.com,com,68058,157409,cnbc.com,com,127,87,67928,156733
128,4,slideshare.net,net,67767,141390,slideshare.net,net,128,4,67685,140903
129,2,www.gov.uk,uk,67188,161667,www.gov.uk,uk,130,2,67030,160916
130,88,eventbrite.com,com,67179,152229,eventbrite.com,com,132,89,67015,151533
131,89,go.com,com,67125,157477,go.com,com,129,88,67043,156766
132,1,g.page,page,67052,168103,g.page,page,131,1,67023,167921
133,5,cpanel.net,net,66916,220678,cpanel.net,net,133,5,66883,220652
134,90,time.com,com,66644,153534,time.com,com,134,90,66574,152656
135,3,dailymail.co.uk,uk,66527,159278,dailymail.co.uk,uk,135,3,66461,158564
136,3,beian.gov.cn,cn,66490,264027,beian.gov.cn,cn,136,3,66446,263893
137,4,telegraph.co.uk,uk,65367,151782,telegraph.co.uk,uk,137,4,65218,151063
138,91,usatoday.com,com,65314,153837,usatoday.com,com,138,91,65206,153163
139,16,npr.org,org,65209,156472,npr.org,org,139,16,65102,155814
140,92,addtoany.com,com,64083,164157,addtoany.com,com,140,92,64051,164087
141,93,cnet.com,com,64043,142110,cnet.com,com,141,93,63909,141662
142,1,amzn.to,to,63901,192347,amzn.to,to,142,1,63855,191869
143,6,cloudfront.net,net,63890,131431,cloudfront.net,net,143,6,63729,130508
144,94,statista.com,com,63494,143682,statista.com,com,144,94,63353,142765
145,95,unsplash.com,com,63306,151865,unsplash.com,com,145,95,63285,151548
146,96,ted.com,com,63119,137627,ted.com,com,146,96,62966,137065
147,97,wired.com,com,62771,138042,wired.com,com,147,97,62680,137424
148,98,blogger.com,com,62553,151757,blogger.com,com,148,98,62432,151551
149,99,ebay.com,com,61952,143177,ebay.com,com,149,99,61799,142644
150,100,i0.wp.com,com,61435,183085,i0.wp.com,com,150,100,61429,183174
151,1,linktr.ee,ee,61096,139789,linktr.ee,ee,151,1,60934,139212
152,101,mysql.com,com,60694,105898,mysql.com,com,152,101,60599,105682
153,102,googleusercontent.com,com,60622,141570,googleusercontent.com,com,153,102,60565,141135
154,103,wix.com,com,60558,129550,wix.com,com,154,103,60436,128939
155,5,loc.gov,gov,60466,117965,loc.gov,gov,156,5,60230,117289
156,104,surveymonkey.com,com,60326,118210,surveymonkey.com,com,157,105,60109,117435
157,105,hp.com,com,60243,111692,hp.com,com,158,106,60103,111258
158,106,webmd.com,com,60193,152702,webmd.com,com,155,104,60251,152356
159,107,bp.blogspot.com,com,59885,144190,bp.blogspot.com,com,160,108,59821,143829
160,17,validator.w3.org,org,59584,114889,validator.w3.org,org,161,17,59490,114720
161,108,etsy.com,com,59346,148919,etsy.com,com,162,109,59232,148393
162,1,gc.ca,ca,58814,126753,gc.ca,ca,163,1,58684,126105
163,109,myspace.com,com,58721,132906,myspace.com,com,164,110,58580,132637
164,4,berkeley.edu,edu,58345,120315,berkeley.edu,edu,165,4,58302,119831
165,110,aol.com,com,58337,115156,aol.com,com,167,111,58220,114962
166,5,independent.co.uk,uk,58321,134259,independent.co.uk,uk,166,5,58243,133614
167,111,techcrunch.com,com,58012,126970,techcrunch.com,com,168,112,57928,126401
168,18,ietf.org,org,57670,99325,ietf.org,org,169,18,57591,99087
169,7,behance.net,net,57589,136609,behance.net,net,171,7,57460,136373
170,3,telegram.me,me,57507,171234,telegram.me,me,170,3,57558,171247
171,112,ft.com,com,57436,125293,ft.com,com,172,113,57303,124691
172,19,debian.org,org,57248,94880,debian.org,org,173,19,57176,94708
173,1,aboutads.info,info,57104,150286,aboutads.info,info,174,1,57062,149773
174,113,en.gravatar.com,com,56990,164886,en.gravatar.com,com,175,114,56942,164839
175,1,twitch.tv,tv,56633,130823,twitch.tv,tv,176,1,56511,130318
176,114,cbsnews.com,com,56353,131452,cbsnews.com,com,177,115,56252,130867
177,6,amazon.co.uk,uk,56212,137028,amazon.co.uk,uk,178,6,56079,136495
178,115,mail.google.com,com,56089,116043,mail.google.com,com,159,107,60073,124046
179,116,imgur.com,com,55964,124792,imgur.com,com,179,116,55901,124498
180,117,oup.com,com,55867,117723,oup.com,com,180,117,55733,117228
181,118,huffingtonpost.com,com,55621,126489,huffingtonpost.com,com,181,118,55553,125962
182,119,prnewswire.com,com,55408,120360,prnewswire.com,com,184,120,55281,119804
183,5,cornell.edu,edu,55403,118931,cornell.edu,edu,182,5,55449,118472
184,120,latimes.com,com,55392,128916,latimes.com,com,183,119,55344,128315
185,4,sina.com.cn,cn,55339,147654,sina.com.cn,cn,185,4,55277,147587
186,6,ca.gov,gov,55013,127116,ca.gov,gov,186,6,55013,126657
187,6,washington.edu,edu,54996,104197,washington.edu,edu,188,6,54895,103885
188,121,stackoverflow.com,com,54987,105600,stackoverflow.com,com,187,121,54912,105464
189,122,theverge.com,com,54736,120884,theverge.com,com,189,122,54628,120334
190,123,myshopify.com,com,54633,117980,myshopify.com,com,190,123,54584,117534
191,124,yelp.com,com,54317,143056,yelp.com,com,191,124,54240,142959
192,1,free.fr,fr,54209,111648,free.fr,fr,192,1,54006,111183
193,125,tandfonline.com,com,54061,112978,tandfonline.com,com,193,125,53953,112438
194,8,themeforest.net,net,53701,135418,themeforest.net,net,194,8,53724,135484
195,4,line.me,me,53647,161630,line.me,me,195,4,53681,161251
196,126,dailymotion.com,com,53449,127074,dailymotion.com,com,197,126,53296,126498
197,9,launchpad.net,net,53379,81309,launchpad.net,net,196,9,53311,81242
198,127,squarespace.com,com,53258,114948,squarespace.com,com,198,127,53061,114217
199,7,fda.gov,gov,53082,115447,fda.gov,gov,199,7,52987,114937
200,128,theatlantic.com,com,52671,118123,theatlantic.com,com,200,128,52604,117537
201,129,goodreads.com,com,52620,121317,goodreads.com,com,202,130,52502,120901
202,130,mailchimp.com,com,52616,119486,mailchimp.com,com,201,129,52581,119260
203,131,nationalgeographic.com,com,52374,112719,nationalgeographic.com,com,203,131,52295,112158
204,132,tripadvisor.com,com,52163,120909,tripadvisor.com,com,204,132,52099,120625
205,133,hubspot.com,com,52101,110980,hubspot.com,com,205,133,51939,110489
206,20,fr.wikipedia.org,org,52012,116645,fr.wikipedia.org,org,206,20,51879,116187
207,1,google.de,de,51646,166392,google.de,de,207,1,51530,165854
208,7,princeton.edu,edu,51511,97202,princeton.edu,edu,208,7,51441,96981
209,1,discord.gg,gg,51483,113999,discord.gg,gg,209,1,51431,113772
210,134,outlook.live.com,com,51346,116762,outlook.live.com,com,223,142,50553,115218
211,135,calendar.google.com,com,51345,112967,calendar.google.com,com,210,134,51279,112859
212,136,britannica.com,com,51123,119158,britannica.com,com,217,139,50792,118184
213,21,hbr.org,org,51106,106835,hbr.org,org,212,21,51002,106149
214,137,s3.amazonaws.com,com,51097,102406,s3.amazonaws.com,com,211,135,51006,101766
215,138,samsung.com,com,51072,104640,samsung.com,com,214,137,50938,104001
216,1,business.site,site,50941,112394,business.site,site,216,1,50794,111960
217,139,sagepub.com,com,50921,106329,sagepub.com,com,215,138,50847,105774
218,140,sedo.com,com,50850,102750,sedo.com,com,213,136,50982,103128
219,1,mailchi.mp,mp,50848,106217,mailchi.mp,mp,221,1,50698,105858
220,141,statcounter.com,com,50811,122818,statcounter.com,com,218,140,50783,122602
221,22,allaboutcookies.org,org,50801,115100,allaboutcookies.org,org,219,22,50776,115001
222,23,networkadvertising.org,org,50771,117963,networkadvertising.org,org,220,23,50755,117654
223,24,unesco.org,org,50754,101822,unesco.org,org,224,24,50535,101190
224,142,nbcnews.com,com,50633,115942,nbcnews.com,com,222,141,50559,115367
225,143,youku.com,com,50498,146638,youku.com,com,225,143,50422,146450
226,144,huffpost.com,com,49941,114222,huffpost.com,com,226,144,49895,113670
227,145,kickstarter.com,com,49801,108438,kickstarter.com,com,227,145,49678,108051
228,146,pixabay.com,com,49714,116697,pixabay.com,com,228,146,49635,116392
229,8,whitehouse.gov,gov,49649,105983,whitehouse.gov,gov,230,8,49502,105362
230,147,investopedia.com,com,49646,116589,investopedia.com,com,229,147,49618,116315
231,7,google.co.uk,uk,49508,116117,google.co.uk,uk,231,7,49441,115888
232,148,taobao.com,com,49366,113890,taobao.com,com,232,148,49340,113852
233,149,fb.com,com,49268,107542,fb.com,com,233,149,49308,107195
234,150,scribd.com,com,49252,107730,scribd.com,com,235,151,49121,107385
235,151,skype.com,com,49232,105991,skype.com,com,234,150,49125,105753
236,152,bandcamp.com,com,49146,114718,bandcamp.com,com,236,152,49035,114380
237,25,iso.org,org,49117,82333,iso.org,org,238,25,48973,82118
238,153,163.com,com,49012,119977,163.com,com,237,153,48983,119956
239,154,calendly.com,com,48978,109983,calendly.com,com,239,154,48944,109726
240,155,netflix.com,com,48963,115639,netflix.com,com,240,155,48926,114965
241,156,marriott.com,com,48864,97452,marriott.com,com,242,156,48751,97074
242,9,usda.gov,gov,48839,108148,usda.gov,gov,241,9,48784,107712
243,157,quora.com,com,48738,111979,quora.com,com,243,157,48673,111719
244,158,livejournal.com,com,48667,106798,livejournal.com,com,245,159,48584,106663
245,159,redhat.com,com,48667,80157,redhat.com,com,244,158,48596,79938
246,10,epa.gov,gov,48602,105271,epa.gov,gov,246,10,48407,104743
247,160,sharepoint.com,com,48408,84123,sharepoint.com,com,248,161,48324,83745
248,161,healthline.com,com,48386,121396,healthline.com,com,247,160,48337,121043
249,162,bitly.com,com,48298,96594,bitly.com,com,249,162,48265,96109
250,5,fb.me,me,48234,97731,fb.me,me,250,5,48049,97370
251,163,businesswire.com,com,48151,100497,businesswire.com,com,251,163,48019,99971
252,26,cambridge.org,org,47860,99621,cambridge.org,org,253,26,47752,99245
253,27,worldbank.org,org,47809,94516,worldbank.org,org,254,27,47665,94068
254,164,booking.com,com,47637,108324,booking.com,com,255,165,47512,107886
255,165,1.bp.blogspot.com,com,47379,111141,1.bp.blogspot.com,com,256,166,47286,110851
256,166,akismet.com,com,47346,127494,akismet.com,com,257,167,47271,127440
257,167,economist.com,com,47299,95929,economist.com,com,258,168,47256,95468
258,28,change.org,org,47280,104844,change.org,org,260,28,47153,104303
259,29,de.wikipedia.org,org,47155,130669,de.wikipedia.org,org,261,29,47029,130174
260,168,usnews.com,com,47148,106901,usnews.com,com,259,169,47155,106395
261,169,hugedomains.com,com,47065,78927,hugedomains.com,com,252,164,47989,81045
262,170,foxnews.com,com,47055,106559,foxnews.com,com,262,170,46973,106169
263,30,mayoclinic.org,org,46961,113995,mayoclinic.org,org,263,30,46918,113576
264,171,indiatimes.com,com,46713,106841,indiatimes.com,com,264,171,46647,106350
265,31,pbs.org,org,46507,103437,pbs.org,org,265,31,46421,103108
266,172,eepurl.com,com,46263,103270,eepurl.com,com,266,172,46094,102986
267,173,mobile.twitter.com,com,46170,105446,mobile.twitter.com,com,267,173,46085,104981
268,174,jotform.com,com,46156,93832,jotform.com,com,268,174,46064,93465
269,8,columbia.edu,edu,46039,91342,columbia.edu,edu,270,8,45936,90949
270,5,www.beian.miit.gov.cn,cn,46030,155223,www.beian.miit.gov.cn,cn,269,5,46014,155194
271,175,fandom.com,com,45845,105914,fandom.com,com,271,175,45735,105372
272,9,academia.edu,edu,45788,94686,academia.edu,edu,272,9,45688,94321
273,11,state.gov,gov,45515,96012,state.gov,gov,273,11,45397,95540
274,10,umich.edu,edu,45473,92262,umich.edu,edu,274,10,45333,91884
275,2,gouv.fr,fr,45408,105066,gouv.fr,fr,275,2,45277,104466
276,176,web.whatsapp.com,com,45236,120009,web.whatsapp.com,com,276,176,45242,119845
277,177,vice.com,com,45141,99782,vice.com,com,277,177,45063,99168
278,12,noaa.gov,gov,45110,92536,noaa.gov,gov,278,12,45044,92111
279,178,translate.google.com,com,45089,89992,translate.google.com,com,279,178,44997,89487
280,179,about.com,com,45044,91008,about.com,com,281,179,44939,90682
281,32,weforum.org,org,45043,90636,weforum.org,org,280,32,44951,89944
282,180,theconversation.com,com,44995,96577,theconversation.com,com,282,180,44914,96095
283,181,canva.com,com,44900,97156,canva.com,com,285,182,44775,96857
284,182,wikihow.com,com,44893,101080,wikihow.com,com,284,181,44859,100707
285,183,buzzfeed.com,com,44746,99964,buzzfeed.com,com,286,183,44693,99520
286,11,yale.edu,edu,44724,90038,yale.edu,edu,288,12,44555,89591
287,33,plos.org,org,44714,90190,plos.org,org,283,33,44861,90174
288,12,psu.edu,edu,44698,89106,psu.edu,edu,287,11,44639,88768
289,184,psychologytoday.com,com,44613,100594,psychologytoday.com,com,289,184,44520,100051
290,185,typepad.com,com,44599,94388,typepad.com,com,294,189,44444,93896
291,186,dribbble.com,com,44561,100187,dribbble.com,com,290,185,44516,100182
292,187,deloitte.com,com,44542,84782,deloitte.com,com,292,187,44468,84165
293,188,xinhuanet.com,com,44497,111134,xinhuanet.com,com,291,186,44478,110937
294,189,sciencedaily.com,com,44479,95224,sciencedaily.com,com,293,188,44451,94823
295,190,mckinsey.com,com,44446,87176,mckinsey.com,com,295,190,44344,86694
296,191,deviantart.com,com,44340,95481,deviantart.com,com,297,192,44256,95417
297,192,indeed.com,com,44339,98195,indeed.com,com,296,191,44272,97918
298,2,cbc.ca,ca,44108,99792,cbc.ca,ca,298,2,44021,99394
299,193,cisco.com,com,43932,77621,cisco.com,com,300,194,43897,77315
300,34,ieee.org,org,43858,80701,ieee.org,org,301,34,43784,80435
301,13,upenn.edu,edu,43702,86909,upenn.edu,edu,303,13,43654,86596
302,194,godaddy.com,com,43700,88311,godaddy.com,com,305,197,43541,87989
303,195,sohu.com,com,43685,107567,sohu.com,com,302,195,43691,107477
304,196,biomedcentral.com,com,43644,87852,biomedcentral.com,com,304,196,43608,87514
305,197,jimdo.com,com,43584,100176,jimdo.com,com,306,198,43427,99625
306,198,fortune.com,com,43507,91555,fortune.com,com,309,200,43357,90957
307,35,arxiv.org,org,43490,82011,arxiv.org,org,307,35,43385,81606
308,199,example.com,com,43463,81660,example.com,com,308,199,43385,81507
309,36,sciencemag.org,org,43462,82483,sciencemag.org,org,311,36,43350,82030
310,200,zendesk.com,com,43461,85993,zendesk.com,com,299,193,43990,87954
311,201,zdnet.com,com,43434,85503,zdnet.com,com,310,201,43352,85097
312,202,arcgis.com,com,43414,83349,arcgis.com,com,312,202,43345,83003
313,203,mashable.com,com,43399,90867,mashable.com,com,314,204,43307,90409
314,204,bmj.com,com,43349,89203,bmj.com,com,313,203,43321,88795
315,8,ox.ac.uk,uk,43321,83038,ox.ac.uk,uk,315,8,43230,82657
316,205,digg.com,com,43234,89894,digg.com,com,317,206,43112,89814
317,206,giphy.com,com,43199,95908,giphy.com,com,316,205,43124,95372
318,207,youronlinechoices.com,com,43094,118601,youronlinechoices.com,com,318,207,42988,118091
319,208,discord.com,com,43027,93378,discord.com,com,320,209,42924,92956
320,209,nypost.com,com,43001,98639,nypost.com,com,319,208,42945,98119
321,210,ubuntu.com,com,42948,72985,ubuntu.com,com,321,210,42922,72849
322,211,marketwatch.com,com,42838,92634,marketwatch.com,com,322,211,42814,92302
323,212,intel.com,com,42686,77446,intel.com,com,324,213,42559,77062
324,213,3.bp.blogspot.com,com,42683,94017,3.bp.blogspot.com,com,323,212,42620,93811
325,214,sun.com,com,42523,65835,sun.com,com,325,214,42445,65719
326,215,4.bp.blogspot.com,com,42484,93540,4.bp.blogspot.com,com,328,215,42361,93220
327,216,mdpi.com,com,42430,83774,mdpi.com,com,329,216,42323,83400
328,14,uci.edu,edu,42428,73603,uci.edu,edu,326,14,42400,73434
329,15,umn.edu,edu,42406,82901,umn.edu,edu,332,15,42250,82525
330,37,pewresearch.org,org,42392,90724,pewresearch.org,org,327,37,42393,90415
331,217,2.bp.blogspot.com,com,42376,93521,2.bp.blogspot.com,com,330,217,42299,93351
332,38,apa.org,org,42364,87849,apa.org,org,331,38,42285,87427
333,1,or.kr,kr,42205,83171,or.kr,kr,336,1,42113,82961
334,1,abc.net.au,au,42204,90099,abc.net.au,au,335,1,42138,89683
335,1,go.id,id,42172,94356,go.id,id,333,1,42187,94159
336,1,yandex.ru,ru,42166,127131,yandex.ru,ru,338,1,42061,126915
337,218,oreilly.com,com,42154,72204,oreilly.com,com,337,218,42098,72070
338,39,sitemaps.org,org,42110,102015,sitemaps.org,org,334,39,42150,102140
339,2,readthedocs.io,io,42080,69649,readthedocs.io,io,341,2,41791,69080
340,219,fastcompany.com,com,42049,86311,fastcompany.com,com,339,219,41959,85937
341,220,newyorker.com,com,41951,91117,newyorker.com,com,340,220,41873,90604
342,221,steampowered.com,com,41790,89760,steampowered.com,com,342,221,41785,89516
343,222,apnews.com,com,41763,94345,apnews.com,com,343,222,41641,93843
344,223,trustpilot.com,com,41619,97280,trustpilot.com,com,344,223,41523,97009
345,224,typeform.com,com,41584,81131,typeform.com,com,346,225,41462,80661
346,225,stripe.com,com,41506,88879,stripe.com,com,349,226,41431,88631
347,40,cookiedatabase.org,org,41501,115383,cookiedatabase.org,org,348,41,41447,115269
348,226,aliyun.com,com,41480,92005,aliyun.com,com,345,224,41494,92046
349,41,science.org,org,41479,83271,science.org,org,347,40,41450,82857
350,42,oecd.org,org,41300,76750,oecd.org,org,350,42,41198,76302
351,227,feedburner.com,com,41188,90143,feedburner.com,com,352,228,41037,89893
352,228,outlook.office.com,com,41127,92812,outlook.office.com,com,351,227,41084,92750
353,1,fb.watch,watch,41044,82179,fb.watch,watch,355,1,40953,81958
354,229,scholar.google.com,com,41039,78764,scholar.google.com,com,353,229,41025,78490
355,230,android.com,com,41000,77843,android.com,com,354,230,40988,77509
356,43,frontiersin.org,org,40987,84241,frontiersin.org,org,356,43,40916,83865
357,231,gofundme.com,com,40947,90555,gofundme.com,com,358,232,40825,90049
358,232,newsweek.com,com,40906,89316,newsweek.com,com,359,233,40811,88811
359,233,geocities.com,com,40866,76669,geocities.com,com,357,231,40833,76604
360,234,pexels.com,com,40677,91433,pexels.com,com,360,234,40591,91202
361,235,vox.com,com,40640,88977,vox.com,com,361,235,40505,88456
362,236,wpengine.com,com,40579,88181,wpengine.com,com,366,240,40235,87273
363,237,alibaba.com,com,40534,79774,alibaba.com,com,362,236,40460,79603
364,238,tripod.com,com,40417,77848,tripod.com,com,363,237,40323,77734
365,239,plesk.com,com,40315,101358,plesk.com,com,364,238,40269,101283
366,16,wisc.edu,edu,40306,77891,wisc.edu,edu,367,16,40212,77616
367,240,dev.mysql.com,com,40284,64315,dev.mysql.com,com,365,239,40247,64184
368,241,disqus.com,com,40256,83154,disqus.com,com,369,242,40180,83029
369,242,patreon.com,com,40137,92201,patreon.com,com,370,243,40129,91985
370,2,amazon.de,de,40114,104143,amazon.de,de,371,2,39947,103751
371,243,docker.com,com,40049,69448,docker.com,com,372,244,39925,69231
372,244,gitlab.com,com,39937,66914,gitlab.com,com,373,245,39843,66708
373,245,bilibili.com,com,39803,84222,bilibili.com,com,374,246,39817,84135
374,246,xing.com,com,39783,106333,xing.com,com,376,248,39642,105980
375,247,addthis.com,com,39772,74990,addthis.com,com,375,247,39674,74816
376,9,cam.ac.uk,uk,39730,72936,cam.ac.uk,uk,378,9,39583,72679
377,248,auctollo.com,com,39696,96936,auctollo.com,com,368,241,40193,98204
378,249,gizmodo.com,com,39626,83155,gizmodo.com,com,377,249,39598,82742
379,250,scientificamerican.com,com,39617,83429,scientificamerican.com,com,379,250,39564,82972
380,251,dw.com,com,39608,83217,dw.com,com,380,251,39478,82857
381,252,inc.com,com,39582,83034,inc.com,com,381,252,39473,82727
382,44,openstreetmap.org,org,39528,79620,openstreetmap.org,org,383,44,39399,79427
383,253,stumbleupon.com,com,39434,86913,stumbleupon.com,com,384,253,39378,86873
384,13,ftc.gov,gov,39424,83133,ftc.gov,gov,382,13,39464,82845
385,254,engadget.com,com,39397,80863,engadget.com,com,385,254,39332,80591
386,45,python.org,org,39214,66248,python.org,org,386,45,39154,66120
387,255,elsevier.com,com,39158,71317,elsevier.com,com,388,255,39103,71088
388,256,intuit.com,com,39157,85639,intuit.com,com,415,271,37632,81476
389,46,es.wikipedia.org,org,39148,95237,es.wikipedia.org,org,387,46,39120,95056
390,257,dell.com,com,39097,71120,dell.com,com,392,258,38511,69876
391,258,elegantthemes.com,com,39046,95372,elegantthemes.com,com,389,256,38995,95325
392,259,merriam-webster.com,com,38900,84947,merriam-webster.com,com,390,257,38723,84437
393,260,perfectdomain.com,com,38606,69017,perfectdomain.com,com,393,259,38489,68909
394,6,people.com.cn,cn,38557,110221,people.com.cn,cn,391,6,38532,110242
395,10,guardian.co.uk,uk,38513,74884,guardian.co.uk,uk,396,10,38418,74602
396,261,news.google.com,com,38496,91217,news.google.com,com,398,262,38342,90779
397,262,googleapis.com,com,38468,74225,googleapis.com,com,394,260,38473,73975
398,263,huawei.com,com,38455,68904,huawei.com,com,395,261,38469,68682
399,47,rfc-editor.org,org,38397,59140,rfc-editor.org,org,397,47,38385,59098
400,17,jhu.edu,edu,38382,74471,jhu.edu,edu,399,17,38342,74169
401,264,entrepreneur.com,com,38324,82484,entrepreneur.com,com,400,263,38271,82100
402,265,constantcontact.com,com,38308,80670,constantcontact.com,com,401,264,38217,80444
403,266,webs.com,com,38249,73339,webs.com,com,408,267,38082,73047
404,267,feeds.feedburner.com,com,38242,82904,feeds.feedburner.com,com,405,266,38116,82665
405,18,ucla.edu,edu,38223,74869,ucla.edu,edu,402,18,38213,74621
406,14,nps.gov,gov,38214,85548,nps.gov,gov,404,14,38142,85181
407,268,themeisle.com,com,38195,91169,themeisle.com,com,403,265,38191,91203
408,48,jstor.org,org,38130,75745,jstor.org,org,406,48,38087,75368
409,49,jigsaw.w3.org,org,38130,68308,jigsaw.w3.org,org,407,49,38085,68265
410,269,microsoftonline.com,com,37952,58875,microsoftonline.com,com,411,268,37780,58692
411,50,pnas.org,org,37850,75493,pnas.org,org,409,50,37823,75082
412,270,meetup.com,com,37811,74712,meetup.com,com,414,270,37669,74326
413,271,thelancet.com,com,37794,76170,thelancet.com,com,412,269,37728,75727
414,51,fao.org,org,37787,72902,fao.org,org,410,51,37781,72509
415,15,irs.gov,gov,37762,84084,irs.gov,gov,413,15,37724,83744
416,16,ed.gov,gov,37611,75895,ed.gov,gov,416,16,37570,75691
417,272,salesforce.com,com,37574,71769,salesforce.com,com,417,272,37469,71294
418,19,cmu.edu,edu,37533,69056,cmu.edu,edu,421,21,36967,67952
419,52,wiktionary.org,org,37440,77976,wiktionary.org,org,418,52,37365,77725
420,20,si.edu,edu,37292,75450,si.edu,edu,419,19,37211,75065
421,21,utexas.edu,edu,37193,70140,utexas.edu,edu,420,20,37098,69873
422,53,acs.org,org,37003,72613,acs.org,org,422,53,36958,72358
423,273,arstechnica.com,com,36892,73598,arstechnica.com,com,425,274,36797,73319
424,274,walmart.com,com,36862,84909,walmart.com,com,424,273,36797,84655
425,7,miitbeian.gov.cn,cn,36807,103105,miitbeian.gov.cn,cn,426,7,36766,102962
426,22,uchicago.edu,edu,36806,72729,uchicago.edu,edu,427,22,36748,72432
427,3,arnebrachhold.de,de,36711,87994,arnebrachhold.de,de,423,3,36839,88337
428,54,eff.org,org,36639,64701,eff.org,org,428,54,36584,64470
429,275,photobucket.com,com,36637,71708,photobucket.com,com,430,275,36547,71585
430,1,gob.mx,mx,36618,73605,gob.mx,mx,429,1,36574,73436
431,3,google.fr,fr,36534,79935,google.fr,fr,459,3,34913,76020
432,276,medicalnewstoday.com,com,36517,85763,medicalnewstoday.com,com,431,276,36465,85475
433,17,house.gov,gov,36496,78153,house.gov,gov,433,17,36434,77748
434,277,uk.com,com,36446,74894,uk.com,com,434,277,36388,74661
435,278,freepik.com,com,36393,76879,freepik.com,com,435,278,36360,76748
436,279,jamanetwork.com,com,36381,76147,jamanetwork.com,com,436,279,36352,75859
437,10,azurewebsites.net,net,36380,67224,azurewebsites.net,net,432,10,36443,66919
438,18,bls.gov,gov,36261,77614,bls.gov,gov,438,18,36215,77250
439,280,cdn.shopify.com,com,36229,70320,cdn.shopify.com,com,437,280,36226,70136
440,23,uiuc.edu,edu,36145,56886,uiuc.edu,edu,439,23,36073,56808
441,281,gartner.com,com,36115,66249,gartner.com,com,440,281,36040,65842
442,282,substack.com,com,36091,80403,substack.com,com,441,282,36036,80016
443,283,slate.com,com,36007,76939,slate.com,com,444,283,35883,76382
444,1,anchor.fm,fm,35960,73754,anchor.fm,fm,442,1,35907,73542
445,19,census.gov,gov,35902,74927,census.gov,gov,443,19,35889,74675
446,55,postgresql.org,org,35742,55764,postgresql.org,org,445,55,35693,55649
447,56,aboutcookies.org,org,35690,76865,aboutcookies.org,org,446,56,35670,76815
448,3,google.ca,ca,35685,78309,google.ca,ca,448,3,35583,78159
449,20,nist.gov,gov,35648,63520,nist.gov,gov,447,20,35592,63362
450,1,yahoo.co.jp,jp,35611,95423,yahoo.co.jp,jp,451,1,35459,94922
451,284,sfgate.com,com,35495,78844,sfgate.com,com,452,285,35439,78456
452,285,ai-lawandorder.com,com,35495,60335,ai-lawandorder.com,com,450,284,35464,60092
453,286,ikea.com,com,35434,72949,ikea.com,com,453,286,35234,72366
454,11,windows.net,net,35305,67180,windows.net,net,449,11,35517,67410
455,287,buydomains.com,com,35258,60787,buydomains.com,com,454,287,35227,60854
456,288,indiegogo.com,com,35173,71319,indiegogo.com,com,456,288,35044,70941
457,57,bbb.org,org,35166,80952,bbb.org,org,455,57,35152,80770
458,12,doubleclick.net,net,35020,69777,doubleclick.net,net,457,12,34974,69480
459,289,getpocket.com,com,34941,90683,getpocket.com,com,458,289,34927,90506
460,290,bizjournals.com,com,34913,73392,bizjournals.com,com,460,290,34843,73106
461,291,stackexchange.com,com,34853,66829,stackexchange.com,com,461,291,34820,66612
462,292,so.com,com,34828,114866,so.com,com,462,292,34808,114944
463,21,hhs.gov,gov,34808,72337,hhs.gov,gov,465,21,34672,71888
464,293,nvidia.com,com,34770,64537,nvidia.com,com,463,293,34685,64351
465,294,i.imgur.com,com,34762,69531,i.imgur.com,com,466,295,34667,69360
466,295,aliexpress.com,com,34745,69114,aliexpress.com,com,464,294,34684,68941
467,22,senate.gov,gov,34743,74166,senate.gov,gov,467,22,34650,73776
468,11,mirror.co.uk,uk,34659,75748,mirror.co.uk,uk,468,11,34613,75303
469,296,chicagotribune.com,com,34615,74606,chicagotribune.com,com,469,296,34524,74207
470,297,shutterstock.com,com,34541,74189,shutterstock.com,com,470,297,34505,73794
471,298,globenewswire.com,com,34522,72977,globenewswire.com,com,471,298,34410,72629
472,299,hilton.com,com,34513,64938,hilton.com,com,483,304,34098,64076
473,23,usgs.gov,gov,34493,67865,usgs.gov,gov,472,23,34397,67501
474,300,qz.com,com,34484,70294,qz.com,com,473,299,34382,69934
475,4,canada.ca,ca,34417,74953,canada.ca,ca,477,4,34249,74482
476,301,netscape.com,com,34417,53719,netscape.com,com,475,301,34348,53682
477,302,livescience.com,com,34379,73327,livescience.com,com,474,300,34365,72988
478,1,in.ua,ua,34360,69405,in.ua,ua,476,1,34304,69383
479,303,box.com,com,34291,64032,box.com,com,481,303,34172,63718
480,12,thetimes.co.uk,uk,34251,72550,thetimes.co.uk,uk,480,12,34197,72243
481,304,openai.com,com,34237,71342,openai.com,com,478,302,34233,71003
482,2,google.co.jp,jp,34227,107347,google.co.jp,jp,479,2,34224,107062
483,58,mitre.org,org,34161,53960,mitre.org,org,482,58,34143,53847
484,305,jd.com,com,34047,66735,jd.com,com,484,305,34013,66664
485,306,howstuffworks.com,com,34022,70941,howstuffworks.com,com,485,306,33962,70602
486,307,variety.com,com,34015,76218,variety.com,com,487,307,33909,75743
487,59,unicef.org,org,33988,64935,unicef.org,org,486,59,33914,64641
488,308,wikia.com,com,33965,66829,wikia.com,com,489,308,33883,66504
489,60,kernel.org,org,33965,53175,kernel.org,org,488,60,33906,53105
490,61,coursera.org,org,33926,65265,coursera.org,org,490,61,33798,64885
491,309,matterport.com,com,33887,61969,matterport.com,com,492,310,33789,61741
492,310,dropcatch.com,com,33883,62213,dropcatch.com,com,493,311,33774,61943
493,1,admin.ch,ch,33880,66415,admin.ch,ch,494,1,33768,66032
494,5,qc.ca,ca,33874,66913,qc.ca,ca,497,5,33721,66583
495,311,fc2.com,com,33867,84831,fc2.com,com,491,309,33794,84583
496,2,smh.com.au,au,33851,70219,smh.com.au,au,495,2,33762,69729
497,2,itu.int,int,33786,53853,itu.int,int,496,2,33726,53713
498,312,techtarget.com,com,33772,66958,techtarget.com,com,499,313,33671,66731
499,313,slack.com,com,33747,62769,slack.com,com,498,312,33703,62391
500,13,thesun.co.uk,uk,33702,73879,thesun.co.uk,uk,500,13,33632,73463
501,24,nyu.edu,edu,33598,65157,nyu.edu,edu,501,24,33573,64936
502,1,google.es,es,33594,80168,google.es,es,505,1,33459,79939
503,314,elpais.com,com,33593,73498,elpais.com,com,503,315,33531,73091
504,315,trello.com,com,33563,66802,trello.com,com,502,314,33532,66630
505,1,go.th,th,33549,68295,go.th,th,504,1,33482,68203
506,25,purdue.edu,edu,33490,64347,purdue.edu,edu,506,25,33432,64189
507,316,politico.com,com,33459,72362,politico.com,com,508,316,33388,71951
508,14,www.nhs.uk,uk,33419,77784,www.nhs.uk,uk,507,14,33396,77527
509,317,w3schools.com,com,33402,62238,w3schools.com,com,509,317,33349,62187
510,4,spiegel.de,de,33400,74094,spiegel.de,de,510,4,33314,73681
511,24,sec.gov,gov,33324,67698,sec.gov,gov,512,24,33244,67379
512,318,rollingstone.com,com,33290,73933,rollingstone.com,com,511,318,33252,73502
513,1,govt.nz,nz,33268,65921,govt.nz,nz,514,1,33193,65510
514,6,m.me,me,33242,77310,m.me,me,513,6,33204,77196
515,319,appspot.com,com,33095,60875,appspot.com,com,515,319,33047,60691
516,320,barnesandnoble.com,com,33083,73052,barnesandnoble.com,com,518,322,32999,72764
517,321,aljazeera.com,com,33063,70402,aljazeera.com,com,516,320,33033,70166
518,322,withgoogle.com,com,33037,62413,withgoogle.com,com,519,323,32946,62098
519,323,getbootstrap.com,com,33027,57707,getbootstrap.com,com,520,324,32936,57612
520,324,i1.wp.com,com,32995,77620,i1.wp.com,com,517,321,33023,77635
521,325,teamviewer.com,com,32989,58143,teamviewer.com,com,521,325,32902,58082
522,326,gotowebinar.com,com,32977,52363,gotowebinar.com,com,522,326,32865,52123
523,2,kiev.ua,ua,32899,64143,kiev.ua,ua,524,2,32811,64035
524,327,timesofindia.indiatimes.com,com,32859,72586,timesofindia.indiatimes.com,com,523,327,32837,72232
525,2,cutt.ly,ly,32849,68449,cutt.ly,ly,525,2,32743,68351
526,62,openssl.org,org,32801,48620,openssl.org,org,526,62,32741,48549
527,328,domainmarket.com,com,32776,61090,domainmarket.com,com,528,328,32681,60918
528,26,usc.edu,edu,32775,63271,usc.edu,edu,527,26,32692,62937
529,329,pcmag.com,com,32726,66570,pcmag.com,com,530,329,32661,66383
530,63,nejm.org,org,32707,63537,nejm.org,org,529,63,32667,63219
531,64,freebsd.org,org,32658,49422,freebsd.org,org,532,64,32628,49348
532,330,ssrn.com,com,32650,63722,ssrn.com,com,533,331,32599,63394
533,65,acm.org,org,32533,56651,acm.org,org,534,65,32391,56429
534,331,naver.com,com,32350,71578,naver.com,com,535,332,32325,71435
535,1,google.it,it,32311,70067,google.it,it,536,1,32265,70003
536,332,googleblog.com,com,32297,62369,googleblog.com,com,531,330,32649,62827
537,333,venturebeat.com,com,32289,63628,venturebeat.com,com,537,333,32225,63338
538,6,on.ca,ca,32239,64418,on.ca,ca,538,6,32162,64167
539,3,amazon.co.jp,jp,32169,81696,amazon.co.jp,jp,540,3,32091,81350
540,66,iana.org,org,32118,49708,iana.org,org,539,66,32121,49676
541,15,ico.org.uk,uk,32089,74472,ico.org.uk,uk,541,15,32069,74308
542,334,history.com,com,32082,68935,history.com,com,542,334,32008,68546
543,335,airbnb.com,com,31998,66960,airbnb.com,com,543,335,31890,66507
544,13,earthlink.net,net,31902,51681,earthlink.net,net,545,13,31860,51675
545,336,espn.com,com,31883,70715,espn.com,com,546,337,31837,70343
546,67,altervista.org,org,31859,60921,altervista.org,org,547,67,31814,60825
547,337,thoughtco.com,com,31856,66063,thoughtco.com,com,548,338,31791,65842
548,338,vmware.com,com,31845,53547,vmware.com,com,544,336,31873,53543
549,339,mediafire.com,com,31827,68995,mediafire.com,com,549,339,31744,68878
550,16,service.gov.uk,uk,31770,70473,service.gov.uk,uk,550,16,31704,70132
551,68,moodle.org,org,31749,49353,moodle.org,org,551,68,31685,49325
552,340,enable-javascript.com,com,31721,54058,enable-javascript.com,com,552,340,31677,54004
553,27,duke.edu,edu,31691,59943,duke.edu,edu,553,27,31616,59699
554,341,rt.com,com,31584,62418,rt.com,com,555,341,31515,62214
555,2,vkontakte.ru,ru,31559,64328,vkontakte.ru,ru,554,2,31534,64333
556,342,gallup.com,com,31514,64429,gallup.com,com,556,342,31467,64067
557,28,unc.edu,edu,31487,58786,unc.edu,edu,558,28,31440,58652
558,343,zhihu.com,com,31453,54414,zhihu.com,com,557,343,31441,54314
559,344,newscientist.com,com,31436,62117,newscientist.com,com,560,344,31385,61771
560,25,archives.gov,gov,31358,62701,archives.gov,gov,559,25,31420,62651
561,29,ucsd.edu,edu,31286,57849,ucsd.edu,edu,561,29,31180,57506
562,345,mixcloud.com,com,31221,63267,mixcloud.com,com,562,345,31149,63243
563,69,drupal.org,org,31208,51725,drupal.org,org,563,69,31133,51664
564,30,ufl.edu,edu,31203,59589,ufl.edu,edu,564,30,31130,59308
565,70,slashdot.org,org,31172,54959,slashdot.org,org,565,70,31128,54929
566,8,chinadaily.com.cn,cn,31140,62324,chinadaily.com.cn,cn,566,8,31127,62220
567,26,justice.gov,gov,31130,66807,justice.gov,gov,569,26,31065,66409
568,346,scmp.com,com,31124,63119,scmp.com,com,568,346,31080,62845
569,3,ok.ru,ru,31121,88220,ok.ru,ru,567,3,31109,88105
570,347,evernote.com,com,31119,62753,evernote.com,com,570,347,31055,62575
571,348,sky.com,com,31095,65776,sky.com,com,572,348,31014,65440
572,31,msu.edu,edu,31052,58971,msu.edu,edu,574,31,30965,58761
573,71,thenai.org,org,31039,68203,thenai.org,org,573,71,31008,68143
574,349,pwc.com,com,31039,56958,pwc.com,com,575,349,30959,56600
575,27,ny.gov,gov,31032,68501,ny.gov,gov,571,27,31051,68329
576,350,thehill.com,com,30958,66218,thehill.com,com,578,351,30901,65976
577,4,hatena.ne.jp,jp,30943,76834,hatena.ne.jp,jp,576,4,30913,76650
578,351,timeanddate.com,com,30925,58160,timeanddate.com,com,577,350,30903,57956
579,352,bitnami.com,com,30876,43282,bitnami.com,com,579,352,30865,43246
580,353,dictionary.com,com,30840,64175,dictionary.com,com,580,353,30810,64035
581,354,hollywoodreporter.com,com,30784,68297,hollywoodreporter.com,com,581,354,30752,67936
582,72,apachefriends.org,org,30739,49007,apachefriends.org,org,583,72,30693,48952
583,355,proofpoint.com,com,30711,55777,proofpoint.com,com,582,355,30714,55571
584,32,umd.edu,edu,30699,55612,umd.edu,edu,585,32,30624,55438
585,356,office365.com,com,30698,49252,office365.com,com,584,356,30654,49143
586,357,force.com,com,30697,55457,force.com,com,586,357,30515,55048
587,358,atlassian.com,com,30535,51624,atlassian.com,com,588,358,30451,51385
588,17,express.co.uk,uk,30520,65143,express.co.uk,uk,587,17,30475,64807
589,9,www.gov.cn,cn,30443,84219,www.gov.cn,cn,589,9,30438,84127
590,33,northwestern.edu,edu,30419,58935,northwestern.edu,edu,590,33,30338,58639
591,34,illinois.edu,edu,30372,57334,illinois.edu,edu,591,34,30321,57150
592,359,smithsonianmag.com,com,30293,63722,smithsonianmag.com,com,593,360,30175,63352
593,360,techradar.com,com,30279,61081,techradar.com,com,592,359,30210,60821
594,361,siemens.com,com,30215,50490,siemens.com,com,594,361,30150,50488
595,362,theglobeandmail.com,com,30183,61967,theglobeandmail.com,com,595,362,30134,61640
596,363,amazon-adsystem.com,com,30158,86436,amazon-adsystem.com,com,596,363,30094,86282
597,364,lww.com,com,30083,59425,lww.com,com,599,365,30011,59096
598,365,euronews.com,com,30081,60546,euronews.com,com,600,366,29980,60337
599,366,mystrikingly.com,com,30044,60579,mystrikingly.com,com,601,367,29952,60461
600,73,ru.wikipedia.org,org,30038,67962,ru.wikipedia.org,org,598,73,30025,67984
601,367,woocommerce.com,com,30022,64838,woocommerce.com,com,597,364,30038,64914
602,28,energy.gov,gov,29947,62402,energy.gov,gov,603,28,29887,62026
603,2,go.kr,kr,29939,60070,go.kr,kr,602,2,29900,59801
604,368,nydailynews.com,com,29804,62681,nydailynews.com,com,604,368,29772,62388
605,369,technologyreview.com,com,29757,56018,technologyreview.com,com,609,370,29613,55688
606,29,congress.gov,gov,29752,63048,congress.gov,gov,605,29,29701,62756
607,35,ucdavis.edu,edu,29734,57295,ucdavis.edu,edu,606,35,29657,57134
608,1,lnkd.in,in,29692,49788,lnkd.in,in,610,1,29602,49666
609,3,vic.gov.au,au,29688,64286,vic.gov.au,au,607,3,29623,63886
610,370,udemy.com,com,29647,63531,udemy.com,com,608,369,29613,63361
611,371,today.com,com,29645,64518,today.com,com,612,371,29577,64035
612,1,telegra.ph,ph,29632,59706,telegra.ph,ph,611,1,29600,59692
613,4,lemonde.fr,fr,29609,59539,lemonde.fr,fr,613,4,29554,59179
614,30,dot.gov,gov,29567,59152,dot.gov,gov,617,31,29454,58971
615,31,privacyshield.gov,gov,29565,78404,privacyshield.gov,gov,616,30,29483,78128
616,74,phys.org,org,29529,58040,phys.org,org,614,74,29505,57821
617,75,fedoraproject.org,org,29520,44806,fedoraproject.org,org,615,75,29490,44731
618,5,bund.de,de,29507,88744,bund.de,de,621,5,29406,88323
619,32,fcc.gov,gov,29504,57730,fcc.gov,gov,622,32,29402,57483
620,7,utoronto.ca,ca,29484,54232,utoronto.ca,ca,619,7,29450,54056
621,76,perl.org,org,29474,43854,perl.org,org,620,77,29415,43765
622,77,kde.org,org,29470,47006,kde.org,org,618,76,29454,46979
623,18,blogspot.co.uk,uk,29450,60426,blogspot.co.uk,uk,623,18,29401,60255
624,372,snapchat.com,com,29400,62290,snapchat.com,com,624,372,29354,62037
625,373,chron.com,com,29379,62212,chron.com,com,626,374,29259,61979
626,374,nikkei.com,com,29350,66757,nikkei.com,com,625,373,29321,66411
627,2,g.co,co,29342,59900,g.co,co,627,2,29220,59568
628,7,about.me,me,29285,57514,about.me,me,628,7,29214,57367
629,375,automattic.com,com,29185,73385,automattic.com,com,629,375,29118,73351
630,376,ning.com,com,29177,53506,ning.com,com,630,376,29103,53336
631,377,us.com,com,29074,55405,us.com,com,631,377,29032,55346
632,36,arizona.edu,edu,29068,55652,arizona.edu,edu,632,36,29031,55478
633,78,imf.org,org,28999,55077,imf.org,org,634,78,28945,54804
634,378,weather.com,com,28985,54940,weather.com,com,633,378,28954,54819
635,37,asu.edu,edu,28965,55894,asu.edu,edu,635,37,28898,55694
636,379,tmall.com,com,28952,57604,tmall.com,com,636,379,28897,57515
637,79,dmoz.org,org,28837,44278,dmoz.org,org,638,80,28787,44223
638,80,letsencrypt.org,org,28821,44512,letsencrypt.org,org,637,79,28800,44504
639,380,lifehacker.com,com,28813,57968,lifehacker.com,com,639,380,28764,57811
640,5,sakura.ne.jp,jp,28777,66830,sakura.ne.jp,jp,640,5,28746,66703
641,19,metro.co.uk,uk,28729,61615,metro.co.uk,uk,641,19,28712,61379
642,381,music.apple.com,com,28727,64636,music.apple.com,com,644,382,28647,64334
643,382,ign.com,com,28716,60724,ign.com,com,643,381,28650,60453
644,10,miibeian.gov.cn,cn,28710,60667,miibeian.gov.cn,cn,642,10,28696,60654
645,383,playstation.com,com,28647,60371,playstation.com,com,645,383,28570,60039
646,384,parallels.com,com,28630,56972,parallels.com,com,647,385,28545,56867
647,385,libsyn.com,com,28616,59467,libsyn.com,com,648,386,28538,59238
648,386,nymag.com,com,28593,61267,nymag.com,com,646,384,28564,60992
649,387,qualtrics.com,com,28570,50499,qualtrics.com,com,650,387,28492,50126
650,388,mozilla.com,com,28559,46921,mozilla.com,com,652,389,28449,46783
651,81,faqs.org,org,28547,43467,faqs.org,org,649,81,28501,43431
652,389,nike.com,com,28500,57482,nike.com,com,654,391,28423,57228
653,390,economictimes.indiatimes.com,com,28484,60333,economictimes.indiatimes.com,com,653,390,28437,59995
654,391,instructables.com,com,28453,55802,instructables.com,com,658,393,28338,55597
655,392,cbslocal.com,com,28447,58643,cbslocal.com,com,651,388,28450,58418
656,82,cancer.org,org,28446,59074,cancer.org,org,655,82,28376,58717
657,14,fbcdn.net,net,28403,52271,fbcdn.net,net,656,14,28360,52152
658,393,webex.com,com,28382,44438,webex.com,com,663,396,28265,44222
659,394,bigcartel.com,com,28363,56800,bigcartel.com,com,660,394,28297,56616
660,395,fool.com,com,28345,61102,fool.com,com,661,395,28284,60861
661,2,imageshack.us,us,28338,50615,imageshack.us,us,662,2,28267,50520
662,38,brookings.edu,edu,28336,57278,brookings.edu,edu,659,38,28301,57031
663,396,jquery.com,com,28325,45140,jquery.com,com,657,392,28347,45137
664,397,thedailybeast.com,com,28313,60408,thedailybeast.com,com,664,397,28242,60077
665,398,angelfire.com,com,28303,51413,angelfire.com,com,666,398,28226,51313
666,39,colorado.edu,edu,28295,52813,colorado.edu,edu,665,39,28239,52713
667,399,verisign.com,com,28189,42481,verisign.com,com,668,400,28105,42377
668,400,moz.com,com,28161,57071,moz.com,com,667,399,28111,56965
669,401,theregister.com,com,28132,51321,theregister.com,com,669,401,28092,51120
670,4,news.com.au,au,28096,56773,news.com.au,au,670,4,28052,56420
671,1,web.dev,dev,28073,54509,web.dev,dev,672,1,27963,54339
672,1,blog.google,google,28053,56324,blog.google,google,694,1,27321,54915
673,402,support.plesk.com,com,27995,62720,support.plesk.com,com,671,402,27973,62650
674,403,thebalancemoney.com,com,27978,59685,thebalancemoney.com,com,678,405,27838,59320
675,83,joomla.org,org,27972,50213,joomla.org,org,673,83,27929,50238
676,84,opensource.org,org,27967,44776,opensource.org,org,674,84,27903,44656
677,20,ucl.ac.uk,uk,27966,50140,ucl.ac.uk,uk,675,20,27901,49893
678,404,schneier.com,com,27924,43584,schneier.com,com,677,404,27844,43523
679,8,ubc.ca,ca,27895,51545,ubc.ca,ca,681,8,27803,51290
680,405,fiverr.com,com,27890,63042,fiverr.com,com,676,403,27845,63079
681,40,rutgers.edu,edu,27880,51417,rutgers.edu,edu,680,40,27817,51270
682,406,digitaltrends.com,com,27878,55920,digitaltrends.com,com,679,406,27818,55635
683,407,target.com,com,27814,61985,target.com,com,682,407,27727,61766
684,33,fbi.gov,gov,27774,55190,fbi.gov,gov,684,33,27700,54870
685,6,rakuten.co.jp,jp,27742,69493,rakuten.co.jp,jp,685,6,27658,69155
686,41,virginia.edu,edu,27740,50221,virginia.edu,edu,683,41,27709,50065
687,34,uspto.gov,gov,27549,50017,uspto.gov,gov,688,34,27448,49823
688,408,boston.com,com,27541,54030,boston.com,com,686,408,27483,53847
689,35,treasury.gov,gov,27521,55665,treasury.gov,gov,692,36,27336,55208
690,42,osu.edu,edu,27508,53062,osu.edu,edu,687,42,27471,52836
691,85,gutenberg.org,org,27456,50418,gutenberg.org,org,690,85,27416,50195
692,409,people.com,com,27439,62272,people.com,com,689,409,27423,61922
693,36,usa.gov,gov,27439,55259,usa.gov,gov,691,35,27412,54996
694,410,podbean.com,com,27397,53625,podbean.com,com,697,413,27242,53341
695,411,insider.com,com,27391,62360,insider.com,com,693,410,27325,62069
696,412,thefreedictionary.com,com,27348,54421,thefreedictionary.com,com,696,412,27258,54261
697,37,medlineplus.gov,gov,27315,60493,medlineplus.gov,gov,698,37,27211,60123
698,413,generatepress.com,com,27304,77770,generatepress.com,com,695,411,27303,77689
699,9,bc.ca,ca,27273,53505,bc.ca,ca,703,9,27158,53232
700,414,cell.com,com,27253,53028,cell.com,com,701,414,27201,52704
701,1,is.gd,gd,27245,51515,is.gd,gd,702,1,27166,51457
702,4,mail.ru,ru,27227,63736,mail.ru,ru,700,4,27203,63650
703,2,google.co.in,in,27180,58628,google.co.in,in,699,2,27206,58652
704,415,novell.com,com,27177,40855,novell.com,com,704,415,27147,40832
705,416,zend.com,com,27163,40903,zend.com,com,705,416,27106,40851
706,38,wa.gov,gov,27152,56061,wa.gov,gov,706,38,27093,55777
707,417,prezi.com,com,27142,46475,prezi.com,com,707,417,27084,46365
708,418,steamcommunity.com,com,27130,53258,steamcommunity.com,com,709,418,27069,53112
709,419,foursquare.com,com,27103,52762,foursquare.com,com,710,419,27029,52687
710,43,bu.edu,edu,27101,52029,bu.edu,edu,708,43,27081,51899
711,86,cpan.org,org,27048,39948,cpan.org,org,712,86,26939,39815
712,420,accenture.com,com,27043,48029,accenture.com,com,711,420,26958,47682
713,1,haxx.se,se,26982,40597,haxx.se,se,713,1,26938,40565
714,2,gob.es,es,26966,58287,gob.es,es,714,2,26895,58057
715,421,twimg.com,com,26948,51805,twimg.com,com,715,421,26856,51553
716,1,etoile.no,no,26887,44902,etoile.no,no,716,1,26844,44901
717,5,nsw.gov.au,au,26845,55791,nsw.gov.au,au,718,5,26775,55484
718,87,en.wiktionary.org,org,26838,53796,en.wiktionary.org,org,719,87,26775,53595
719,88,heart.org,org,26829,54111,heart.org,org,722,89,26747,53971
720,10,pinterest.ca,ca,26803,62841,pinterest.ca,ca,717,10,26777,62830
721,89,imagemagick.org,org,26789,40932,imagemagick.org,org,720,88,26754,40896
722,90,khanacademy.org,org,26788,51784,khanacademy.org,org,723,90,26713,51631
723,422,cctv.com,com,26774,66505,cctv.com,com,721,422,26751,66454
724,91,bitbucket.org,org,26736,42972,bitbucket.org,org,725,91,26669,42839
725,423,digital.com,com,26722,40904,digital.com,com,724,423,26689,40901
726,92,clevelandclinic.org,org,26632,62334,clevelandclinic.org,org,726,92,26631,62029
727,424,nasdaq.com,com,26626,53293,nasdaq.com,com,727,424,26616,53189
728,425,ey.com,com,26587,46332,ey.com,com,730,426,26434,45917
729,1,army.mil,mil,26521,51095,army.mil,mil,731,1,26425,50793
730,39,va.gov,gov,26517,54059,va.gov,gov,728,39,26528,53812
731,426,cygwin.com,com,26500,39526,cygwin.com,com,729,425,26457,39496
732,427,sap.com,com,26485,46475,sap.com,com,734,427,26360,46257
733,428,uber.com,com,26450,52644,uber.com,com,737,429,26348,52448
734,2,curl.se,se,26448,39959,curl.se,se,733,2,26393,39896
735,11,google.cn,cn,26426,46700,google.cn,cn,732,11,26413,46692
736,429,themegrill.com,com,26367,62815,themegrill.com,com,735,428,26349,62796
737,44,tamu.edu,edu,26362,49703,tamu.edu,edu,738,44,26337,49605
738,40,dol.gov,gov,26361,53594,dol.gov,gov,736,40,26348,53334
739,93,ilo.org,org,26303,46215,ilo.org,org,741,93,26248,45972
740,430,urbandictionary.com,com,26299,52863,urbandictionary.com,com,743,431,26241,52630
741,41,dhs.gov,gov,26296,50294,dhs.gov,gov,740,41,26271,50047
742,431,tencent.com,com,26290,43284,tencent.com,com,739,430,26295,43252
743,432,duckduckgo.com,com,26270,47731,duckduckgo.com,com,744,432,26227,47621
744,8,paypal.me,me,26268,53292,paypal.me,me,742,8,26245,53279
745,11,amazon.ca,ca,26253,56178,amazon.ca,ca,745,11,26196,56071
746,3,ow.ly,ly,26250,45529,ow.ly,ly,746,3,26134,45240
747,433,mlb.com,com,26212,53841,mlb.com,com,747,433,26113,53652
748,434,over-blog.com,com,26148,49404,over-blog.com,com,753,436,26002,49201
749,435,de-de.facebook.com,com,26142,84924,de-de.facebook.com,com,751,435,26017,84602
750,94,codex.wordpress.org,org,26122,49978,codex.wordpress.org,org,748,94,26081,50023
751,3,coe.int,int,26109,46662,coe.int,int,757,3,25980,46410
752,436,git-scm.com,com,26080,40259,git-scm.com,com,750,434,26046,40212
753,437,salon.com,com,26071,52361,salon.com,com,755,437,25986,52174
754,42,cancer.gov,gov,26069,52601,cancer.gov,gov,749,42,26060,52381
755,1,uol.com.br,br,26054,58289,uol.com.br,br,754,1,25991,58108
756,95,semanticscholar.org,org,26047,49353,semanticscholar.org,org,758,95,25977,49133
757,438,globo.com,com,26025,60093,globo.com,com,756,438,25983,59814
758,6,google.com.au,au,26017,54778,google.com.au,au,752,6,26002,54627
759,3,flic.kr,kr,25976,46057,flic.kr,kr,760,3,25882,46006
760,1,gob.ar,ar,25974,51431,gob.ar,ar,759,1,25889,51221
761,96,undp.org,org,25941,45787,undp.org,org,762,96,25865,45624
762,439,lenovo.com,com,25935,48264,lenovo.com,com,761,439,25880,48117
763,440,wufoo.com,com,25920,48239,wufoo.com,com,764,440,25832,48004
764,43,usembassy.gov,gov,25911,49779,usembassy.gov,gov,763,43,25844,49521
765,441,java.com,com,25910,40707,java.com,com,765,441,25832,40597
766,97,icann.org,org,25846,42314,icann.org,org,766,97,25776,42140
767,442,hootsuite.com,com,25818,51617,hootsuite.com,com,777,450,25598,51157
768,443,att.com,com,25813,48040,att.com,com,767,442,25749,47790
769,444,vogue.com,com,25795,54674,vogue.com,com,770,444,25696,54383
770,98,iop.org,org,25780,46452,iop.org,org,769,98,25726,46236
771,445,prweb.com,com,25757,48283,prweb.com,com,771,445,25692,48050
772,446,1688.com,com,25744,55833,1688.com,com,768,443,25738,55814
773,447,gamespot.com,com,25738,51481,gamespot.com,com,773,447,25667,51352
774,2,ethz.ch,ch,25723,44548,ethz.ch,ch,774,2,25632,44342
775,448,jimdofree.com,com,25716,58135,jimdofree.com,com,776,449,25598,57813
776,449,gmail.com,com,25705,45995,gmail.com,com,772,446,25682,45862
777,450,houzz.com,com,25630,53625,houzz.com,com,778,451,25540,53489
778,451,wanwang.aliyun.com,com,25610,54398,wanwang.aliyun.com,com,775,448,25613,54435
779,452,photos.google.com,com,25544,45271,photos.google.com,com,784,456,25456,45176
780,453,mapquest.com,com,25542,49666,mapquest.com,com,780,453,25512,49685
781,454,ea.com,com,25530,50996,ea.com,com,781,454,25511,50717
782,455,ndtv.com,com,25524,55840,ndtv.com,com,779,452,25519,55628
783,456,herokuapp.com,com,25507,46016,herokuapp.com,com,782,455,25474,45814
784,45,wustl.edu,edu,25491,46613,wustl.edu,edu,783,45,25456,46523
785,457,medscape.com,com,25482,48434,medscape.com,com,785,457,25427,48279
786,99,eurekalert.org,org,25460,48918,eurekalert.org,org,786,99,25412,48738
787,1,vercel.app,app,25438,44698,vercel.app,app,794,1,25275,44266
788,458,yolasite.com,com,25435,46819,yolasite.com,com,789,459,25374,46732
789,100,orcid.org,org,25435,42812,orcid.org,org,788,100,25388,42731
790,459,crunchbase.com,com,25432,53699,crunchbase.com,com,790,460,25346,53527
791,5,amazon.fr,fr,25405,50889,amazon.fr,fr,791,5,25311,50638
792,460,zoho.com,com,25386,48423,zoho.com,com,787,458,25400,48419
793,461,nba.com,com,25358,50106,nba.com,com,792,461,25298,49894
794,1,google.nl,nl,25337,58261,google.nl,nl,793,1,25295,58139
795,101,greenpeace.org,org,25311,45456,greenpeace.org,org,796,102,25226,45243
796,102,consumerreports.org,org,25303,54078,consumerreports.org,org,795,101,25232,53898
797,3,ipcc.ch,ch,25268,45740,ipcc.ch,ch,799,3,25184,45336
798,462,caniuse.com,com,25242,39259,caniuse.com,com,797,462,25211,39228
799,103,openldap.org,org,25198,36216,openldap.org,org,800,103,25162,36180
800,21,eventbrite.co.uk,uk,25161,51725,eventbrite.co.uk,uk,802,21,25115,51587
801,15,rs6.net,net,25155,48554,rs6.net,net,803,15,25089,48423
802,104,aarp.org,org,25147,52471,aarp.org,org,806,104,25055,52226
803,463,vanityfair.com,com,25131,53824,vanityfair.com,com,804,464,25085,53497
804,464,wpastra.com,com,25120,64252,wpastra.com,com,801,463,25137,64335
805,44,texas.gov,gov,25112,54143,texas.gov,gov,798,44,25200,54196
806,465,fifa.com,com,25107,49341,fifa.com,com,809,466,25038,48946
807,6,ccc.de,de,25098,40074,ccc.de,de,807,6,25050,39983
808,466,autodesk.com,com,25077,42860,autodesk.com,com,808,465,25043,42781
809,467,xbox.com,com,25052,50236,xbox.com,com,810,467,25015,49906
810,468,iheart.com,com,25048,52593,iheart.com,com,811,468,24975,52337
811,469,france24.com,com,25027,49841,france24.com,com,815,472,24932,49571
812,470,lonelyplanet.com,com,25013,47765,lonelyplanet.com,com,814,471,24935,47443
813,7,ameblo.jp,jp,24996,67562,ameblo.jp,jp,818,7,24910,67314
814,471,visualstudio.com,com,24993,43787,visualstudio.com,com,813,470,24944,43648
815,472,voanews.com,com,24987,48640,voanews.com,com,812,469,24949,48501
816,2,last.fm,fm,24987,46655,last.fm,fm,817,2,24914,46588
817,473,thestar.com,com,24984,51453,thestar.com,com,816,473,24914,51289
818,474,pastebin.com,com,24980,46125,pastebin.com,com,820,474,24883,45981
819,475,garmin.com,com,24946,45458,garmin.com,com,821,475,24869,45231
820,46,ncsu.edu,edu,24931,45665,ncsu.edu,edu,822,46,24859,45501
821,5,google.ru,ru,24921,51348,google.ru,ru,819,5,24902,51414
822,45,nyc.gov,gov,24896,51450,nyc.gov,gov,823,45,24852,51155
823,2,navy.mil,mil,24861,44894,navy.mil,mil,827,2,24785,44723
824,476,500px.com,com,24857,48907,500px.com,com,826,477,24785,48820
825,6,spb.ru,ru,24837,47874,spb.ru,ru,824,6,24847,47865
826,477,asus.com,com,24827,46013,asus.com,com,825,476,24795,45868
827,47,utah.edu,edu,24817,46138,utah.edu,edu,829,47,24735,45959
828,478,glassdoor.com,com,24774,51320,glassdoor.com,com,828,478,24747,51114
829,3,icio.us,us,24759,44288,icio.us,us,831,3,24694,44223
830,105,ohchr.org,org,24716,46803,ohchr.org,org,832,105,24642,46686
831,479,binance.com,com,24711,56681,binance.com,com,830,479,24720,56671
832,22,ebay.co.uk,uk,24679,47995,ebay.co.uk,uk,805,22,25062,49007
833,480,nokia.com,com,24677,41135,nokia.com,com,834,480,24600,40938
834,481,symantec.com,com,24670,38908,symantec.com,com,836,482,24558,38734
835,1,gv.at,at,24657,53451,gv.at,at,833,1,24616,53181
836,482,bostonglobe.com,com,24654,50348,bostonglobe.com,com,835,481,24565,50078
837,483,hyatt.com,com,24582,44737,hyatt.com,com,842,487,24447,44444
838,484,zillow.com,com,24542,51924,zillow.com,com,841,486,24478,51699
839,6,lefigaro.fr,fr,24541,48460,lefigaro.fr,fr,840,6,24482,48189
840,485,axios.com,com,24536,52051,axios.com,com,839,485,24483,51816
841,486,verywellmind.com,com,24520,52642,verywellmind.com,com,838,484,24504,52446
842,48,indiana.edu,edu,24512,41871,indiana.edu,edu,844,48,24424,41715
843,487,esquire.com,com,24506,49934,esquire.com,com,845,488,24420,49697
844,4,del.icio.us,us,24493,43705,del.icio.us,us,843,4,24430,43646
845,488,pcworld.com,com,24480,44072,pcworld.com,com,849,492,24379,43877
846,489,thenextweb.com,com,24464,44900,thenextweb.com,com,848,491,24383,44697
847,2,netlify.app,app,24437,45789,netlify.app,app,857,2,24267,45445
848,490,douban.com,com,24435,50510,douban.com,com,846,489,24409,50413
849,49,pitt.edu,edu,24435,43791,pitt.edu,edu,851,49,24344,43587
850,491,amd.com,com,24429,42573,amd.com,com,850,493,24365,42409
851,492,livestream.com,com,24407,42264,livestream.com,com,855,496,24286,42030
852,23,ed.ac.uk,uk,24395,42515,ed.ac.uk,uk,852,23,24310,42349
853,493,discovery.com,com,24363,44122,discovery.com,com,856,497,24285,43862
854,494,billboard.com,com,24348,52136,billboard.com,com,853,494,24299,51830
855,106,hrw.org,org,24346,48051,hrw.org,org,863,106,24229,47794
856,495,accor.com,com,24341,41518,accor.com,com,837,483,24554,41917
857,496,adweek.com,com,24322,46367,adweek.com,com,858,498,24262,46224
858,497,com.com,com,24315,41991,com.com,com,860,499,24243,41940
859,498,securityfocus.com,com,24313,36118,securityfocus.com,com,854,495,24288,36084
860,3,youronlinechoices.eu,eu,24309,50671,youronlinechoices.eu,eu,859,3,24248,50550
861,499,broadcom.com,com,24306,38545,broadcom.com,com,847,490,24400,38720
862,9,wp.me,me,24302,52822,wp.me,me,862,9,24238,52657
863,500,computerworld.com,com,24301,43355,computerworld.com,com,861,500,24242,43202
864,501,ihg.com,com,24233,41875,ihg.com,com,867,501,24140,41707
865,50,tufts.edu,edu,24207,44716,tufts.edu,edu,865,50,24168,44552
866,107,lua.org,org,24189,36487,lua.org,org,866,108,24149,36479
867,502,lego.com,com,24175,43846,lego.com,com,870,502,24021,43428
868,108,telegram.org,org,24161,48047,telegram.org,org,864,107,24181,47972
869,51,ucsb.edu,edu,24157,45070,ucsb.edu,edu,868,51,24093,44810
870,3,ibb.co,co,24115,44147,ibb.co,co,871,3,24000,43988
871,109,man7.org,org,24095,37060,man7.org,org,869,109,24072,37023
872,12,globalnews.ca,ca,24065,49984,globalnews.ca,ca,875,12,23973,49754
873,110,nobelprize.org,org,24029,42878,nobelprize.org,org,873,110,23996,42659
874,503,verizon.com,com,24020,45916,verizon.com,com,877,505,23898,45564
875,52,georgetown.edu,edu,24000,44288,georgetown.edu,edu,876,52,23929,44185
876,2,ustream.tv,tv,23987,43221,ustream.tv,tv,878,2,23878,43021
877,24,huffingtonpost.co.uk,uk,23942,48153,huffingtonpost.co.uk,uk,879,24,23876,47949
878,111,craigslist.org,org,23929,46830,craigslist.org,org,884,111,23783,46579
879,504,istockphoto.com,com,23918,48738,istockphoto.com,com,872,503,23996,48904
880,25,standard.co.uk,uk,23917,50467,standard.co.uk,uk,880,25,23853,50100
881,505,usps.com,com,23911,46860,usps.com,com,874,504,23979,46830
882,53,unl.edu,edu,23910,43906,unl.edu,edu,882,53,23805,43690
883,506,irishtimes.com,com,23868,46689,irishtimes.com,com,886,507,23772,46410
884,16,speedtest.net,net,23842,40666,speedtest.net,net,881,16,23849,40641
885,507,accuweather.com,com,23819,44434,accuweather.com,com,887,508,23770,44173
886,508,perl.com,com,23816,34995,perl.com,com,883,506,23794,34969
887,46,sba.gov,gov,23802,48644,sba.gov,gov,885,46,23772,48540
888,1,1drv.ms,ms,23759,39971,1drv.ms,ms,888,1,23682,39860
889,509,feedly.com,com,23704,53271,feedly.com,com,890,510,23612,53173
890,510,americanexpress.com,com,23686,46984,americanexpress.com,com,889,509,23677,46811
891,511,cosmopolitan.com,com,23658,50111,cosmopolitan.com,com,894,514,23577,49867
892,512,deadline.com,com,23643,53414,deadline.com,com,891,511,23599,53192
893,513,businessweek.com,com,23643,40944,businessweek.com,com,899,518,23536,40718
894,514,mi.com,com,23629,40718,mi.com,com,893,513,23583,40623
895,515,kaspersky.com,com,23626,42400,kaspersky.com,com,895,515,23565,42258
896,516,prestashop.com,com,23612,46346,prestashop.com,com,892,512,23584,46338
897,54,hawaii.edu,edu,23601,41671,hawaii.edu,edu,897,54,23563,41516
898,517,digitalocean.com,com,23578,40978,digitalocean.com,com,896,516,23564,40857
899,518,colorlib.com,com,23562,46386,colorlib.com,com,898,517,23544,46380
900,3,nic.in,in,23540,56278,nic.in,in,900,3,23484,56178
901,519,seattletimes.com,com,23540,48628,seattletimes.com,com,903,520,23442,48301
902,520,wunderground.com,com,23540,41334,wunderground.com,com,901,519,23461,41225
903,7,mpg.de,de,23515,40296,mpg.de,de,908,7,23405,40027
904,521,urldefense.com,com,23511,44573,urldefense.com,com,906,521,23420,44256
905,47,cia.gov,gov,23494,41316,cia.gov,gov,905,47,23432,41124
906,112,wireshark.org,org,23465,35940,wireshark.org,org,907,113,23412,35896
907,113,nodejs.org,org,23448,38172,nodejs.org,org,902,112,23461,38121
908,2,or.id,id,23445,45604,or.id,id,904,2,23440,45513
909,48,weather.gov,gov,23440,47880,weather.gov,gov,957,49,22663,46064
910,114,hopkinsmedicine.org,org,23435,50732,hopkinsmedicine.org,org,909,114,23402,50351
911,522,lh3.googleusercontent.com,com,23397,45543,lh3.googleusercontent.com,com,912,523,23304,45410
912,523,phpbb.com,com,23377,40589,phpbb.com,com,910,522,23324,40570
913,524,sony.com,com,23362,42842,sony.com,com,913,524,23302,42666
914,525,smugmug.com,com,23361,43332,smugmug.com,com,916,527,23278,43188
915,12,360.cn,cn,23356,40679,360.cn,cn,911,12,23323,40604
916,526,mercurynews.com,com,23351,47313,mercurynews.com,com,914,525,23288,47155
917,527,answers.com,com,23327,42303,answers.com,com,915,526,23279,42276
918,528,snopes.com,com,23320,44720,snopes.com,com,918,528,23269,44525
919,529,jpost.com,com,23319,46426,jpost.com,com,920,530,23255,46284
920,530,semrush.com,com,23318,48855,semrush.com,com,924,532,23221,48714
921,531,hindustantimes.com,com,23314,50367,hindustantimes.com,com,919,529,23259,50172
922,532,foodnetwork.com,com,23306,49969,foodnetwork.com,com,922,531,23237,49786
923,17,csdn.net,net,23291,35107,csdn.net,net,917,17,23276,35057
924,115,oxfordjournals.org,org,23272,37914,oxfordjournals.org,org,921,115,23252,37789
925,8,nhk.or.jp,jp,23269,55079,nhk.or.jp,jp,923,8,23225,54850
926,55,caltech.edu,edu,23269,41198,caltech.edu,edu,925,55,23221,41062
927,533,ovhcloud.com,com,23249,42544,ovhcloud.com,com,937,538,22983,41785
928,534,patch.com,com,23221,48238,patch.com,com,926,533,23135,48149
929,535,calameo.com,com,23197,41367,calameo.com,com,931,535,23067,41089
930,536,tesla.com,com,23192,45329,tesla.com,com,1005,580,21962,43092
931,537,seekingalpha.com,com,23148,47145,seekingalpha.com,com,927,534,23132,47030
932,4,esa.int,int,23124,40267,esa.int,int,933,4,23049,40016
933,13,ctvnews.ca,ca,23123,47168,ctvnews.ca,ca,932,13,23054,46797
934,116,isc.org,org,23123,33649,isc.org,org,930,116,23080,33587
935,538,fliphtml5.com,com,23110,39026,fliphtml5.com,com,935,537,23022,38960
936,2,yp.to,to,23096,34431,yp.to,to,929,2,23080,34403
937,539,goodhousekeeping.com,com,23080,49826,goodhousekeeping.com,com,934,536,23047,49598
938,5,wipo.int,int,23062,37853,wipo.int,int,936,5,22994,37711
939,540,indianexpress.com,com,23040,49466,indianexpress.com,com,938,539,22978,49261
940,49,osha.gov,gov,23040,45127,osha.gov,gov,939,48,22977,44913
941,541,ups.com,com,23025,39452,ups.com,com,940,540,22964,39279
942,542,trendmicro.com,com,23022,39797,trendmicro.com,com,941,541,22959,39607
943,543,npmjs.com,com,22970,39173,npmjs.com,com,942,542,22945,39098
944,544,findlaw.com,com,22957,47723,findlaw.com,com,947,544,22871,47575
945,56,umass.edu,edu,22949,41858,umass.edu,edu,945,56,22886,41782
946,545,thomsonreuters.com,com,22938,41718,thomsonreuters.com,com,950,547,22845,41564
947,7,narod.ru,ru,22915,41502,narod.ru,ru,944,7,22895,41397
948,546,liveabout.com,com,22912,45721,liveabout.com,com,949,546,22853,45636
949,547,gettyimages.com,com,22905,46315,gettyimages.com,com,948,545,22867,46291
950,2,google.com.br,br,22892,51417,google.com.br,br,943,2,22928,51431
951,548,fedex.com,com,22888,40056,fedex.com,com,946,543,22885,39920
952,549,space.com,com,22851,44702,space.com,com,952,548,22760,44451
953,117,mediawiki.org,org,22840,35559,mediawiki.org,org,951,117,22762,35433
954,550,upwork.com,com,22796,48732,upwork.com,com,954,549,22740,48589
955,13,news.cn,cn,22792,54121,news.cn,cn,953,13,22746,53987
956,57,vt.edu,edu,22758,40621,vt.edu,edu,959,57,22657,40521
957,551,bestbuy.com,com,22749,47773,bestbuy.com,com,955,550,22739,47723
958,552,cpanel.com,com,22744,50103,cpanel.com,com,956,551,22730,50122
959,2,square.site,site,22724,47841,square.site,site,958,2,22660,47606
960,553,tableau.com,com,22710,40964,tableau.com,com,960,552,22636,40675
961,554,olympics.com,com,22688,41988,olympics.com,com,981,567,22322,41184
962,50,clinicaltrials.gov,gov,22656,41533,clinicaltrials.gov,gov,961,50,22617,41273
963,1,envato.market,market,22650,50995,envato.market,market,928,1,23098,52191
964,555,pinimg.com,com,22647,43412,pinimg.com,com,967,556,22535,43116
965,556,disney.com,com,22633,43001,disney.com,com,968,557,22535,42678
966,557,yumpu.com,com,22627,41453,yumpu.com,com,969,558,22535,41373
967,51,fema.gov,gov,22626,44394,fema.gov,gov,964,51,22582,44192
968,558,ycombinator.com,com,22625,41216,ycombinator.com,com,963,553,22588,40992
969,559,bell-labs.com,com,22617,33041,bell-labs.com,com,965,554,22569,32976
970,560,msnbc.com,com,22606,43575,msnbc.com,com,966,555,22555,43431
971,118,ourworldindata.org,org,22601,43537,ourworldindata.org,org,962,118,22603,43312
972,561,kpmg.com,com,22561,38394,kpmg.com,com,975,562,22417,38047
973,562,timeout.com,com,22548,45236,timeout.com,com,973,560,22478,44995
974,119,ampproject.org,org,22548,40983,ampproject.org,org,971,119,22493,40914
975,26,theregister.co.uk,uk,22525,37993,theregister.co.uk,uk,970,26,22519,37877
976,563,alexa.com,com,22495,39201,alexa.com,com,972,559,22481,39174
977,564,rottentomatoes.com,com,22458,47087,rottentomatoes.com,com,976,563,22407,46933
978,58,brown.edu,edu,22457,39997,brown.edu,edu,977,58,22388,39762
979,565,toutiao.com,com,22453,48430,toutiao.com,com,974,561,22425,48364
980,566,deezer.com,com,22431,43723,deezer.com,com,983,569,22303,43445
981,567,panasonic.com,com,22405,40034,panasonic.com,com,978,564,22386,39969
982,568,foxbusiness.com,com,22395,46602,foxbusiness.com,com,980,566,22322,46400
983,569,howtogeek.com,com,22392,42436,howtogeek.com,com,982,568,22309,42261
984,120,redcross.org,org,22371,43998,redcross.org,org,986,120,22272,43751
985,9,japantimes.co.jp,jp,22370,43317,japantimes.co.jp,jp,984,9,22295,43131
986,570,thawte.com,com,22311,32933,thawte.com,com,985,570,22295,32904
987,121,ap.org,org,22310,41704,ap.org,org,987,121,22257,41424
988,571,namebright.com,com,22300,55834,namebright.com,com,979,565,22353,55965
989,122,metmuseum.org,org,22299,41405,metmuseum.org,org,988,122,22246,41240
990,572,miamiherald.com,com,22291,45697,miamiherald.com,com,989,571,22237,45449
991,573,imageshack.com,com,22271,37943,imageshack.com,com,992,573,22202,37880
992,574,hubpages.com,com,22268,43027,hubpages.com,com,994,574,22183,42932
993,123,amnesty.org,org,22265,42915,amnesty.org,org,995,125,22180,42701
994,124,squid-cache.org,org,22259,32956,squid-cache.org,org,991,123,22206,32919
995,575,washingtontimes.com,com,22252,42998,washingtontimes.com,com,990,572,22235,42808
996,125,gimp.org,org,22244,38400,gimp.org,org,993,124,22184,38330
997,1,vatican.va,va,22224,41922,vatican.va,va,996,1,22176,41781
998,3,webflow.io,io,22162,40064,webflow.io,io,1003,3,22001,39853
999,576,iubenda.com,com,22156,50041,iubenda.com,com,999,577,22121,50006
1000,577,service.weibo.com,com,22154,34893,service.weibo.com,com,998,576,22153,34855
